{
    "dim": 1,
    "grid": [
        64,
        1,
        1
    ],
    "crystal": "lamellar",
    "cell_params": [
        10.0
    ],
    "fields": {
        "2": [
            [
                [
                    0.0731176016584754,
                    0.06423463399731091,
                    0.053832868864924936,
                    0.04185991418953728,
                    0.028330255054417195,
                    0.013386423999503952,
                    -0.0026025515395519862,
                    -0.018912355266914854,
                    -0.03438001521992522,
                    -0.04756079545191959,
                    -0.05724418741832724,
                    -0.06300188441019983,
                    -0.06524530555120352,
                    -0.06482390854552283,
                    -0.0626267004395838,
                    -0.05939088078835513,
                    -0.055664500761971984,
                    -0.05183198812027594,
                    -0.0481529580126532,
                    -0.04479695894342561,
                    -0.041870549140013924,
                    -0.03943741864177949,
                    -0.037533094669227336,
                    -0.036175566345109655,
                    -0.03537277756832789,
                    -0.03512759932371831,
                    -0.03544064400651205,
                    -0.036311107790871947,
                    -0.037735693713717815,
                    -0.03970554788274379,
                    -0.042201004222982196,
                    -0.045183749323919144,
                    -0.048585759837160944,
                    -0.05229401723470583,
                    -0.0561296208044158,
                    -0.059819778704700205,
                    -0.06296222305812305,
                    -0.06498665478246758,
                    -0.06513337329532151,
                    -0.06250344248229073,
                    -0.05627594469139962,
                    -0.04612663804670103,
                    -0.03259295011328812,
                    -0.01694711384254113,
                    -0.0006230469923735432,
                    0.015269389967841116,
                    0.030055313506948584,
                    0.043399997142312075,
                    0.05518090706474396,
                    0.06539432507108783,
                    0.07409796915386661,
                    0.08137778585230779,
                    0.08732874342476936,
                    0.09204334194690914,
                    0.0956043722511096,
                    0.09808011581409667,
                    0.09952108373643785,
                    0.0999578682997411,
                    0.09939992055914251,
                    0.09783518249104246,
                    0.09523055708192175,
                    0.09153323799089058,
                    0.08667298002637502,
                    0.08056551783852976
                ]
            ]
        ],
        "1": [
            [
                [
                    -0.048585758571015526,
                    -0.05229401893654956,
                    -0.056129627424397144,
                    -0.05981979279467251,
                    -0.06296224820318018,
                    -0.06498669330344035,
                    -0.06513339621429298,
                    -0.06250359632212553,
                    -0.05627661267536871,
                    -0.0461271591604784,
                    -0.032591785923623794,
                    -0.016946724119979217,
                    -0.0006228688906465067,
                    0.015269447234571867,
                    0.030055378534839083,
                    0.043400057918143393,
                    0.055180965976972376,
                    0.06539437785274818,
                    0.07409801579961775,
                    0.08137782654703206,
                    0.0873287783773572,
                    0.09204337133860056,
                    0.09560439622355582,
                    0.09808013446602454,
                    0.09952109712183915,
                    0.09995787642586211,
                    0.09939992338464057,
                    0.09783517992434099,
                    0.09523054897831404,
                    0.0915332241478505,
                    0.08667296017357909,
                    0.08056549161704171,
                    0.07311756857901949,
                    0.0642345933121767,
                    0.053832819626256745,
                    0.041859854412252866,
                    0.028330184404114632,
                    0.013386360231705852,
                    -0.0026024889201681375,
                    -0.018912596358363985,
                    -0.034380916297236386,
                    -0.047561226457625096,
                    -0.05724338395665139,
                    -0.06300167654665723,
                    -0.06524522350634195,
                    -0.06482387200276836,
                    -0.06262667680629441,
                    -0.05939086827599582,
                    -0.05566449698923079,
                    -0.05183199056616599,
                    -0.048152964712563744,
                    -0.04479696828579151,
                    -0.04187055979907162,
                    -0.039437429533555564,
                    -0.03753310492573207,
                    -0.036175575298792804,
                    -0.035372784742735655,
                    -0.03512760442838233,
                    -0.03544064693549963,
                    -0.036311108624874036,
                    -0.03773569272552078,
                    -0.03970554554664864,
                    -0.042201001228770026,
                    -0.04518374659724906
                ]
            ]
        ]
    },
    "field_type": "omega",
    "mids": [
        1,
        2
    ],
    "date": "2021-1-25 11:32:23"
}
