{
    "dim": 1,
    "grid": [
        64,
        1,
        1
    ],
    "crystal": "lamellar",
    "cell_params": [
        13.100000015310233
    ],
    "fields": {
        "2": [
            [
                [
                    -0.09532853339827206,
                    -0.07492582809872121,
                    -0.04551503892875582,
                    -0.010751643564837427,
                    0.02469053996695075,
                    0.05695660500679411,
                    0.08387669765499181,
                    0.10486545990727675,
                    0.12038519835047351,
                    0.13139523503556957,
                    0.13895741623175303,
                    0.1440198625081159,
                    0.14733568415308543,
                    0.14945934675673406,
                    0.15077866792605515,
                    0.15155279462610716,
                    0.15194271190915376,
                    0.15203369827011473,
                    0.15184617024382505,
                    0.1513383822173782,
                    0.15040087129873342,
                    0.14884198436367108,
                    0.14636303551147456,
                    0.14252347602233015,
                    0.13670371422988195,
                    0.12808093259060482,
                    0.11565350789383291,
                    0.09836186135957974,
                    0.0753623912727092,
                    0.04648379304749716,
                    0.012800984167786644,
                    -0.022912995082101435,
                    -0.05636963316873235,
                    -0.083012179538929,
                    -0.09995775069470074,
                    -0.10727633726233994,
                    -0.1074188681189695,
                    -0.10366935427026687,
                    -0.098757790302608,
                    -0.09435049868821581,
                    -0.09114836145184195,
                    -0.08922235678608363,
                    -0.08833757720109421,
                    -0.0881717972991151,
                    -0.08842876570678854,
                    -0.08887748712209469,
                    -0.0893543441266826,
                    -0.08975041518802954,
                    -0.08999797558876367,
                    -0.09006158764504442,
                    -0.08993308653466159,
                    -0.0896293950946906,
                    -0.08919638897288149,
                    -0.08871436049480398,
                    -0.08830945433583204,
                    -0.08816713650415604,
                    -0.08854207948084947,
                    -0.08974690318178646,
                    -0.09209135771272361,
                    -0.09573641530678509,
                    -0.1004362021801091,
                    -0.10519492901831212,
                    -0.10797007412326992,
                    -0.10574612034863064
                ]
            ]
        ],
        "1": [
            [
                [
                    -0.05636865510400898,
                    -0.08300921278571198,
                    -0.09996158753397576,
                    -0.10727546906623003,
                    -0.10741883738775578,
                    -0.10366895482816746,
                    -0.09875790635855947,
                    -0.09435059611742184,
                    -0.09114826605087216,
                    -0.08922239924603743,
                    -0.08833758355620393,
                    -0.08817187887986161,
                    -0.0884286777566084,
                    -0.08887743662822756,
                    -0.08935448398352111,
                    -0.08975031965589275,
                    -0.08999794908758808,
                    -0.09006172999476608,
                    -0.08993305974518373,
                    -0.08962934186935717,
                    -0.08919633822197824,
                    -0.08871440624034936,
                    -0.08830944683523773,
                    -0.08816718792450973,
                    -0.0885421033833661,
                    -0.08974683519157896,
                    -0.09209120099932905,
                    -0.09573652569364116,
                    -0.1004369423433474,
                    -0.10519424700031865,
                    -0.10797032722904859,
                    -0.10574431534326277,
                    -0.09532961677165497,
                    -0.07492874626483567,
                    -0.04551175206820771,
                    -0.010752339882247119,
                    0.024690482251721248,
                    0.05695635250266283,
                    0.08387674602983335,
                    0.10486549935366932,
                    0.12038520859950763,
                    0.1313952501666354,
                    0.13895738440647,
                    0.14401991939847458,
                    0.14733560731953693,
                    0.14945932129374206,
                    0.15077877615896246,
                    0.1515527450377344,
                    0.1519426986450603,
                    0.15203378050062238,
                    0.15184614302124855,
                    0.15133834122109258,
                    0.15040084315106533,
                    0.14884202621580767,
                    0.14636303788089688,
                    0.14252350371261446,
                    0.13670374151860099,
                    0.12808091553491702,
                    0.11565344085740531,
                    0.09836189899015121,
                    0.0753627939165477,
                    0.0464834278649167,
                    0.01280119951308256,
                    -0.022914408034115256
                ]
            ]
        ]
    },
    "field_type": "omega",
    "mids": [
        1,
        2
    ],
    "date": "2021-1-25 21:16:0"
}
